,Test_Image_names,Test_Image_Labels,Predicted_labels
0,9985,E,E
1,10056,D,O
2,10067,P,A
3,10267,S,S
4,10287,B,B
5,10011,I,I
6,10039,H,H
7,10020,K,A
8,10022,S,r
9,9994,M,N
10,10010,n,n
11,10007,S,S
12,10082,Z,N
13,10321,a,A
14,9958,T,T
15,10004,D,D
16,10057,J,I
17,9973,S,S
18,9965,Z,N
19,10053,E,E
20,10162,H,H
21,10090,T,T
22,9978,T,T
23,10225,D,D
24,10003,T,I
25,10050,G,D
26,9975,k,R
27,10253,M,M
28,10043,A,A
29,10026,O,O
30,10193,e,e
31,9984,3,A
32,10098,A,A
33,10035,N,T
34,10027,O,O
35,10112,W,M
36,10030,C,T
37,10231,r,r
38,10052,N,N
39,10017,2,A
40,10209,T,T
41,10060,L,t
42,9991,S,S
43,10018,T,T
44,10015,6,A
45,10049,o,O
46,10012,e,S
47,10239,4,R
48,9964,B,D
49,9989,A,A
50,10048,N,N
51,10037,C,I
52,9988,R,R
53,9982,5,E
54,9962,A,R
55,9979,W,N
56,10168,b,O
57,9966,A,A
58,10032,e,e
59,10075,L,L
60,10024,X,i
61,10078,a,P
62,9986,A,A
63,10154,t,I
64,9972,N,N
65,10028,C,I
66,10178,P,P
67,9993,X,X
68,9963,S,S
69,9959,e,e
70,10245,5,N
71,10013,P,P
72,10307,V,V
73,10058,T,T
74,10320,r,r
75,10034,A,A
76,10230,C,G
77,10025,o,O
78,9992,T,T
79,10059,e,E
80,10001,F,F
81,9999,n,D
82,10021,R,R
83,9987,L,L
84,10102,o,O
85,9997,S,S
86,9970,u,n
87,10046,R,R
88,10042,E,E
89,9956,t,R
90,9969,R,R
91,10302,3,R
92,9960,r,T
93,10008,r,I
94,10036,a,R
95,10070,X,T
96,10045,O,O
97,10234,h,n
98,10051,C,G
99,9983,R,R
